<?xml version="1.0" encoding="UTF-8"?>
<modification>
    <id>Aslogin</id><!-- Modification id -->
    <version>2.2.0.x</version><!-- Modification version -->
    <vqmver required="true">1.1</vqmver><!-- vQmod version for this modification -->
    <author><a href="#"></a></author><!-- Author of modification -->
    <file name="catalog/view/theme/pav_flashshop/template/common/header.tpl">
        <operation>
            <search position="after" offset="0" index="1">
                <![CDATA[
                    <body class="<?php echo $class; ?> <?php echo $helper->getPageClass();?> layout-<?php echo $template_layout; ?>">
                ]]>
            </search>
            <add><![CDATA[
                <!-- Add fancyBox main JS and CSS files -->
                <script type="text/javascript" src="catalog/view/theme/default/fancybox/jquery.fancybox.js?v=2.1.5"></script>
                <link rel="stylesheet" type="text/css" href="catalog/view/theme/default/fancybox/jquery.fancybox.css?v=2.1.5" media="screen" />
				<link href="catalog/view/theme/default/stylesheet/aslogin.css" rel="stylesheet">

                <script type="text/javascript">
                    $(document).ready(function() {
                        $('.fancybox').fancybox();/* popup call*/
                    });
                </script>
			]]></add>
        </operation>
        <operation>
            <search position="replace" offset="0" index="1">
                <![CDATA[
                    <li><a href="<?php echo $register; ?>"><?php echo $text_register; ?></a></li>
                ]]>
            </search>
            <add><![CDATA[
				<?php if (isset($asmodulecheck)) { ?>
					<?php if ($asmodulecheck == 1) { ?>
						<li><a class="fancybox fancybox.ajax" href="<?php echo $register; ?>"><?php echo $text_register; ?></a></li>
					<?php } else { ?>
						<li><a href="<?php echo $register; ?>"><?php echo $text_register; ?></a></li>
					<?php } ?>
				<?php } else { ?>
					<li><a href="<?php echo $register; ?>"><?php echo $text_register; ?></a></li>
				<?php } ?>
			]]></add>
        </operation>
		<operation>
            <search position="replace" offset="0" index="1">
                <![CDATA[
                    <li><a href="<?php echo $login; ?>"><?php echo $text_login; ?></a></li>
                ]]>
            </search>
            <add><![CDATA[
				<?php if (isset($asmodulecheck)) { ?>
					<?php if ($asmodulecheck == 1) { ?>
						<li><a class="fancybox fancybox.ajax" href="<?php echo $login; ?>"><?php echo $text_login; ?></a></li>
					<?php } else { ?>
						<li><a href="<?php echo $login; ?>"><?php echo $text_login; ?></a></li>
					<?php } ?>
				<?php } else { ?>
					<li><a href="<?php echo $login; ?>"><?php echo $text_login; ?></a></li>
				<?php } ?>
			]]></add>
        </operation>
    </file>
    <file name="catalog/controller/common/header.php">
        <operation>
            <search position="replace" offset="0" index="1">
                <![CDATA[
					$data['register'] = $this->url->link('account/register', '', true);
                ]]>
            </search>
            <add><![CDATA[
				$this->load->model('module/aslogin');
				$data['code'] = 'aslogin';
				$data['key'] = 'aslogin_status';
				$mstatuscheck = $this->model_module_aslogin->checkModuleStatus($data);
				
				if (isset($mstatuscheck['value'])) {
					$data['asmodulecheck'] = $mstatuscheck['value'];
				}
				if (isset($mstatuscheck['value'])) {
					if ($mstatuscheck['value'] == 1) {
						$data['register'] = $this->url->link('module/aslogin/registerform', '', 'SSL');
					} else {
						$data['register'] = $this->url->link('account/register', '', 'SSL');
					}
				} else {
					$data['register'] = $this->url->link('account/register', '', 'SSL');
				}
			]]></add>
        </operation>
		<operation>
            <search position="replace" offset="0" index="1">
                <![CDATA[
                    $data['login'] = $this->url->link('account/login', '', true);
                ]]>
            </search>
            <add><![CDATA[
				if (isset($mstatuscheck['value'])) {
					if ($mstatuscheck['value'] == 1) {
						$data['login'] = $this->url->link('module/aslogin/loginform', '', 'SSL');
					} else {
						$data['login'] = $this->url->link('account/login', '', 'SSL');
					}
				} else {
					$data['login'] = $this->url->link('account/login', '', 'SSL');
				}
			]]></add>
        </operation>
    </file>
</modification>